date	EQNR	DNB	TEL	YAR	GJF	MOWI	ORK	AKERBP	NHY	TOM
2015-09-14	-0.027477102414654397	-0.02249134948096876	-0.00795107033639153	-0.016018306636155666	-0.0101608806096527	0.020811654526534884	0.0008271298593878207	-0.06658291457286436	0.03126110124333925	0.010600706713780994
2015-09-21	0.04366438356164393	0.019469026548672552	0.0018495684340320562	0.0008720930232557489	-0.007698887938408894	0.03669724770642202	0.04214876033057857	0.06550022431583669	-0.02755769893213922	0.05944055944055937
2015-09-28	-0.022969647251845915	-0.08506944444444442	-0.012923076923076926	-0.029044437990124905	-0.02155172413793105	0.0334316617502457	-0.016653449643140306	-0.0791578947368421	-0.025504782146652416	0.04950495049504955
2015-10-05	0.11335012594458438	0.09203036053130909	0.0018703241895261513	0.029314986539036747	0.041409691629956	0.049476688867745144	0.04435483870967749	0.2208504801097393	0.08687749909123954	-0.009433962264150941
2015-10-12	0.046003016591251944	0.0312771503040834	0.022401991288114598	0.017727404824178894	-0.03130287648054153	-0.013599274705349051	-0.0038610038610038533	0.0065543071161049404	0.08461538461538476	-0.01904761904761909
2015-10-19	0.014419610670511895	-0.016849199663016012	0.012172854534388211	0.012278697886921819	0.006113537117903967	-0.0027573529411764053	0.032558139534883734	0.006511627906976791	-0.012642614862781287	0.058252427184465994
2015-10-26	0.008528784648187848	-0.05998286203941727	0.03728202044497886	0.06488011283497874	0.11631944444444442	0.035023041474654404	0.048048048048048075	-0.03604436229205177	-0.03185509056839486	0.051987767584097844
2015-11-02	-0.03382663847780132	-0.010027347310847867	-0.07304347826086954	0.038145695364238286	0.017107309486780853	0.017809439002671512	-0.015759312320916874	-0.003835091083413178	-0.01806451612903226	0.06395348837209291
2015-11-09	0.029905178701677526	0.05524861878453047	-0.031894934333958735	-0.006379178361826998	0.005351681957186383	-0.011373578302712128	0.01455604075691408	0.16458132820019244	0.05978975032851497	0.002732240437158362
2015-11-16	-0.0729461756373937	-0.048865619546247796	-0.03423772609819131	0.04442732408834105	0.015209125475285079	0.014159292035398119	0.00430416068866557	-0.05371900826446285	-0.03130812151270923	0.021798365122615904
2015-11-23	0.018334606569900824	0.008256880733944927	0.03879598662207373	-0.022621096631423643	0.03595505617977546	0.013961605584642323	0.0128571428571429	0.026200873362445476	0.03520000000000012	0.0
2015-11-30	0.008252063015753874	0.04094631483166511	-0.02446877012234394	0.012075471698113294	0.014461315979754197	0.011187607573149627	-0.0042313117066292705	-0.02297872340425533	0.03863987635239563	0.005333333333333412
2015-12-07	-0.08184523809523814	-0.00786713286713292	-0.011221122112211157	-0.007954262987819982	0.010691375623663513	0.0	0.012039660056657242	-0.024390243902439046	-0.028273809523809645	0.018567639257294433
2015-12-14	-0.02674230145867107	-0.08722466960352426	-0.020026702269692942	-0.05612628413931353	-0.027503526093088926	-0.06127659574468092	-0.02939118264520657	-0.07500000000000007	-0.0940275650842266	-0.07291666666666663
2015-12-21	0.0	0.024131274131274028	-0.017711171662125547	-0.007698433766923252	0.00942712110224786	0.0380779691749773	-0.009372746935832565	-0.01737451737451734	0.06254225828262339	0.02528089887640439
2015-12-28	0.02497918401332222	0.03016022620169645	0.013176144244105403	0.012573568753343922	0.010775862068965525	0.013100436681222627	0.008005822416302655	0.08742632612966617	0.05345211581291753	0.027397260273972712
2016-01-04	0.0032493907392363575	-0.015553522415370558	-0.006160164271047264	-0.009775429326287943	-0.012793176972281328	0.00948275862068959	-0.009386281588447787	0.04155374887082197	-0.03231652068861368	0.008000000000000007
2016-01-11	-0.13522267206477734	-0.06784386617100369	-0.0020661157024792765	-0.06590181430096043	-0.035277177825774	-0.0034158838599487318	-0.04373177842565601	-0.24891587163920215	-0.10455680399500622	-0.044973544973545
2016-01-18	-0.04026217228464413	-0.06630109670987028	-0.07867494824016563	-0.016852327906312525	-0.02686567164179099	-0.049700085689802886	0.0022865853658537993	0.0025404157043880105	-0.06448239804810041	-0.10803324099722988
2016-01-25	0.040000000000000036	0.03737319807794992	0.08014981273408228	-0.014526438117373641	0.019938650306748462	0.039675383228133354	0.03117870722433458	0.05966367196498501	0.043591654247391975	0.052795031055900665
2016-02-01	0.07129455909943716	0.04477611940298498	-0.029819694868238433	-0.030955188679245293	0.04511278195488733	0.021682567215958404	0.03687315634218291	0.08804347826086945	0.00821135308818266	-0.008849557522123908
2016-02-08	0.04028021015761807	-0.044334975369458074	-0.056468906361687	-0.012473379981746135	0.021582733812949728	-0.04414261460101865	-0.0476529160739686	0.00899100899100902	0.03186968838526916	-0.08333333333333337
2016-02-15	-0.007575757575757458	0.014432989690721598	-0.07727272727272727	0.0012322858903264233	-0.052816901408450745	0.03818827708703387	0.04705003734129942	0.045544554455445585	0.009265614275909329	-0.0032467532467532756
2016-02-22	0.05428329092451212	0.026422764227642226	0.04761904761904767	0.04738461538461536	0.024535315985130257	0.07014542343883656	0.023537803138373725	0.11268939393939403	0.15844950697041815	0.02931596091205213
2016-02-29	0.022526146419951765	-0.004950495049504955	0.021943573667711602	-0.005287896592244268	-0.007256894049346929	-0.003996802557953649	0.0013937282229963266	0.038297872340425476	0.017610801291458866	0.05696202531645578
2016-03-07	0.050354051927615995	0.012935323383084452	0.03911042944785281	-0.017129356172474908	-0.016812865497076057	-0.0609951845906902	-0.0013917884481557952	0.02950819672131133	0.03980386501297928	0.008982035928143617
2016-03-14	-0.021722846441947663	0.057956777996070796	0.009594095940959502	0.022836538461538325	0.03122676579925643	0.09829059829059839	0.024390243902439046	-0.04458598726114649	-0.034396671289875	0.005934718100890191
2016-03-21	0.022205206738131755	-0.05013927576601673	-0.003654970760233911	-0.012925969447708519	0.02811824080749825	0.010116731517509914	0.0156462585034014	0.05166666666666675	-0.03188738868141339	0.01179941002949847
2016-04-04	-0.06591760299625471	-0.0620723362658846	-0.038884812912692635	-0.05892857142857144	-0.024544179523141696	-0.00847457627118664	-0.0013395847287341889	-0.08637083993660855	-0.01157270029673596	-0.008746355685131157
2016-04-11	0.02566158781074579	0.01615424700364776	0.02442748091603053	-0.018975332068311146	-0.051042415528396834	0.046620046620046596	-0.03755868544600938	0.08239375542064176	-0.03302311618132692	0.02941176470588225
2016-04-18	0.010164190774042181	0.0543589743589743	0.023099850968703706	0.0341715022566087	0.004545454545454408	-0.014105419450630818	-0.02160278745644595	0.007211538461538547	0.038186898478733244	-0.005714285714285672
2016-04-25	0.052631578947368585	0.015564202334630517	-0.01238164603059011	0.007169576059850469	0.02337858220211153	-0.0662650602409639	-0.01851851851851849	0.08750994431185344	0.038277511961722466	0.02011494252873569
2016-05-02	0.027941176470588358	-0.02298850574712652	0.016224188790560534	-0.0052615289384092545	0.01621223286661766	0.029838709677419306	0.031204644412191396	0.04023408924652516	-0.01497695852534553	0.04507042253521121
2016-05-09	-0.04220314735336195	-0.03137254901960784	-0.008708272859216382	-0.01026757934038569	-0.009427121102248082	0.033672670321065024	0.05559465165376509	0.007032348804500765	-0.08040935672514626	0.0026954177897573484
2016-05-23	0.0007468259895444529	0.019230769230769384	0.017569546120058677	-0.07670543854133927	0.010980966325036645	0.0060606060606061	-0.0040000000000000036	0.0495810055865924	0.025755166931637374	-0.021505376344086002
2016-05-30	0.013432835820895717	0.07149950347567025	0.02877697841726623	0.038815117466802995	0.03837798696596684	0.05045180722891551	0.0307898259705488	0.05788423153692612	0.028518288902665834	0.03571428571428581
2016-06-06	-0.002945508100147265	-0.020389249304911927	-0.0461538461538461	-0.030154047853163002	0.005578800557879848	-0.0028673835125448965	-0.02207792207792214	0.06540880503144653	-0.005424954792043413	0.0026525198938991412
2016-06-13	0.0	-0.0510879848628194	-0.04692082111436957	-0.048327137546468224	-0.040915395284327194	0.0014378145219267058	-0.04116865869853914	0.15289256198347112	-0.04939393939393932	-0.02645502645502651
2016-06-20	0.023633677991137247	0.04187437686939188	0.013846153846153841	-0.015980113636363646	0.00795372378886472	0.008614501076812608	0.0027700831024930483	-0.03993855606758834	0.01976410583359889	-0.01902173913043481
2016-06-27	-0.023088023088023046	-0.07511961722488036	-0.05918057663125953	-0.07217610970768673	-0.04734576757532272	-0.014946619217081847	-0.029696132596685132	-0.017066666666666563	-0.08721475461081585	-0.047091412742382266
2016-07-04	0.08641063515509595	0.02534919813760972	0.12177419354838714	0.03383897316219375	0.054216867469879526	0.013728323699421896	0.05195729537366556	0.12859468258274553	0.0801369863013699	0.03779069767441867
2016-07-11	0.00611828687967364	0.02623612512613538	0.022286125089863384	0.020316027088036037	0.014285714285714235	0.029223093371347098	0.016238159675236563	0.009615384615384581	0.020608750792644237	0.011204481792717047
2016-07-18	-0.004054054054054013	-0.08357915437561458	-0.004922644163150358	0.027286135693215474	-0.02183098591549293	-0.0076177285318559385	0.0332889480692411	0.036190476190476106	0.04473438956197584	0.011080332409972193
2016-07-25	-0.0420624151967437	0.008583690987124415	0.041696113074205066	-0.016511127063891018	0.006479481641468832	-0.0013956734124216386	-0.017396907216494784	-0.051470588235294046	0.034195658638120685	0.010958904109588996
2016-08-01	-0.06515580736543902	-0.020744680851063846	-0.04409769335142466	0.006934306569343018	0.015021459227467782	-0.004192872117400381	0.02688524590163932	0.05135658914728669	0.030477285796434828	0.005420054200542035
2016-08-08	0.028787878787878807	0.035306898424769084	0.0	0.001087350489307859	0.0	-0.0301754385964913	-0.02298850574712641	-0.0036866359447005337	0.038783482142856984	-0.02425876010781669
2016-08-15	-0.013254786450662803	0.020461699895068186	0.02909865152590485	0.03874004344677773	0.0049330514446792595	-0.03256150506512301	-0.0019607843137255943	0.06290471785383911	-0.023368251410153085	-0.0055248618784530246
2016-08-22	-0.014179104477611948	-0.015424164524421635	0.0013793103448274113	0.010805158591843833	-0.009817671809256745	-0.02393418100224376	-0.002619515389652771	-0.014795474325500435	-0.012376237623762498	-0.022222222222222254
2016-08-29	0.004542013626040786	0.017232375979112424	0.00826446280991755	0.0075862068965517615	-0.004249291784702458	-0.01992337164750957	0.0006565988181221893	0.006183745583038913	0.01308827624617126	0.045454545454545414
2016-09-05	0.017332328560663246	0.045174537987679564	0.00136612021857907	0.00924024640657084	0.0362731152204836	0.029710711493354136	0.022309711286089273	0.03160667251975413	-0.025563496426608046	0.016304347826086918
2016-09-12	-0.046666666666666745	0.0029469548133596035	-0.032742155525238625	-0.05086469989827058	0.01029512697323276	-0.049354593773728084	-0.030808729139923052	-0.019574468085106322	-0.06741889985895633	-0.005347593582887722
2016-09-19	-0.015540015540015384	0.0009794319294809117	-0.031029619181946466	-0.008574490889603381	0.00067934782608714	0.055111821086262	0.0298013245033113	0.02951388888888884	0.02298850574712641	-0.008064516129032251
2016-09-26	-0.0015785319652723562	0.005870841487279899	-0.02911208151382827	-0.03423423423423422	0.006788866259334725	0.03330809992429984	0.05273311897106092	-0.021079258010118007	0.0325251330573626	0.0027100271002709064
2016-10-03	0.059288537549407216	0.02529182879377445	0.011244377811094441	-0.0070895522388059184	0.00944032366823988	0.05128205128205132	0.00671960904092872	0.08527131782945752	-0.008304696449026316	0.027027027027026973
2016-10-10	0.04999999999999982	0.06641366223908918	0.002223869532987255	0.027433295753475972	0.03473613894455596	0.03484320557491283	-0.017597087378640852	0.058730158730158744	0.03003176436615651	-0.018421052631578894
2016-10-17	-0.028429282160625458	-0.003558718861210064	-0.02440828402366857	-0.01975128017556682	0.01226597805035512	-0.012794612794612803	-0.009264978381717137	-0.02323838080959517	-0.020185029436501245	-0.024128686327077764
2016-10-24	0.0	0.04285714285714293	0.04927975739196366	0.07014925373134329	0.004464285714285587	0.014324693042292003	-0.007481296758104827	-0.010744435917114381	0.02346208869814026	-0.02472527472527475
2016-10-31	-0.00950987564008765	0.023116438356164393	-0.04985549132947986	0.018131101813110062	-0.05968253968253967	0.00806993947545398	-0.019472361809045213	0.028704422032583388	0.03298853788090583	0.011267605633802802
2016-11-07	-0.005908419497784423	-0.01673640167364021	-0.025095057034220658	-0.014383561643835585	-0.04388926401080351	-0.026017344896597794	0.010890454836643304	-0.039215686274509665	0.019756427604871396	0.01949860724233976
2016-11-14	-0.002971768202080227	0.05446808510638301	-0.016380655226209018	0.108408617095205	0.0014124293785311437	-0.010273972602739767	-0.058301647655259914	-0.035321821036106704	0.05493630573248409	0.005464480874316946
2016-11-21	0.07377049180327866	-0.0016142050040355294	-0.011102299762093537	0.0034482758620690834	-0.0049365303244006675	0.0456747404844291	0.025572005383580176	0.0846216436126932	-0.026666666666666727	-0.021739130434782594
2016-11-28	0.001387925052047212	-0.008892481810832686	0.01924619085805923	-0.009372071227741308	-0.009213323883770275	0.01985440105890146	0.0032808398950130435	-0.01650412603150797	0.04910829671749828	-0.019444444444444486
2016-12-05	0.03257103257103244	0.04404567699836881	-0.019669551534225005	-0.006937874487543461	-0.029327610872675436	-0.013627514600908497	-0.009810333551340755	0.09229595728451567	-0.004680955900468242	-0.019830028328611915
2016-12-12	0.048993288590604145	0.06953125000000004	0.0609951845906902	0.031438551921245006	0.002210759027266196	0.007894736842105177	0.034346103038308984	0.02863128491620137	0.043316831683168244	0.026011560693641522
2016-12-19	0.0031989763275752647	-0.05843681519357191	-0.018910741301058964	0.0193965517241379	-0.018382352941176516	0.015013054830287365	-0.02043422733077893	-0.0020366598778004397	-0.019691577698695117	-0.022535211267605604
2017-01-02	0.020408163265306145	0.005430566330488773	0.021588280647648617	0.0383569918453639	0.03895131086142323	0.006430868167202508	0.027379400260756137	0.05374149659863958	-0.006534365924491858	0.04034582132564846
2017-01-09	-0.0068749999999999645	0.02546296296296302	0.019622641509433825	0.023851076207097144	-0.005046863734679108	-0.07028753993610226	-0.0158629441624365	0.0032278889606196515	0.014372716199756441	-0.0027700831024930483
2017-01-16	0.017621145374449254	0.009029345372460362	-0.023686158401184265	-0.03039772727272727	-0.007246376811594235	0.019243986254295686	-0.02063185041908444	0.03217503217503226	0.043707973102785846	-0.02777777777777779
2017-01-23	-0.022881880024737122	0.009694258016405666	-0.006065200909780244	0.01904482859654255	-0.00583941605839422	0.039109912339851505	0.02501645819618159	-0.01122194513715713	0.03934652554072704	0.0
2017-01-30	-0.022151898734177222	0.01329394387001459	0.0	0.009488211615871212	0.03524229074889873	-0.052563270603504186	-0.010918432883750717	-0.007566204287515643	0.06021695815806938	0.04571428571428582
2017-02-06	0.012944983818770295	0.02186588921282806	-0.0007627765064835978	-0.01936770150954148	0.0035460992907800915	0.005479452054794498	0.020129870129869998	0.019059720457433205	0.002296930465650382	-0.01912568306010931
2017-02-13	-0.03642172523961651	0.01711840228245376	0.01526717557251911	-0.04182399070577991	-0.03886925795053009	0.03065395095367851	-0.04392106938255891	0.009975062344139696	0.04270833333333335	0.0027855153203342198
2017-02-20	-0.021883289124668526	-0.01192145862552585	0.010526315789473717	-0.00939678690512269	-0.03161764705882364	-0.031064111037673592	0.003994673768308976	-0.06172839506172845	-0.02637362637362639	0.022222222222222143
2017-02-27	0.0013559322033898091	-0.02058197303051812	0.012648809523809534	-0.0379436964504285	-0.0030372057706907762	-0.0027285129604366354	-0.019230769230769273	-0.03618421052631582	-0.04247896572953003	0.008152173913043459
2017-03-06	0.004739336492891155	0.0028985507246377384	-0.0007347538574576928	0.02989821882951671	0.0022848438690021844	-0.04924760601915179	0.018255578093306246	-0.01979522184300342	0.0540077153879126	0.008086253369272267
2017-03-13	-0.0060646900269542	0.014450867052023142	0.02941176470588225	0.01327980234712789	0.0007598784194529085	0.009352517985611541	0.017928286852589848	-0.0055710306406684396	0.04005693371289132	0.002673796791443861
2017-03-20	0.005423728813559459	-0.007834757834757844	0.013571428571428568	-0.007924413288631582	0.007593014426727329	0.004276550249465494	0.018917155903457106	-0.018207282913165423	0.017595307917888547	-0.002666666666666706
2017-03-27	-0.04045853000674304	-0.035175879396984966	0.009161381254404466	-0.02734254992319507	-0.0037678975131876236	-0.05677785663591195	-0.026248399487836083	-0.04707560627674745	-0.07108549471661851	-0.018716577540106916
2017-04-03	0.04146170063246646	0.022321428571428603	-0.0027932960893852776	0.05969677826910913	0.00302571860816947	-0.015048908954100826	0.012491781722550943	0.04790419161676662	0.04446742502585321	0.021798365122615904
2017-04-10	0.009446693657219951	-0.01091703056768556	-0.014005602240896309	0.013412816691505292	-0.042232277526395134	0.016042780748663166	0.0006493506493505663	0.024285714285714244	0.00990099009900991	0.05600000000000005
2017-04-24	-0.044117647058823484	0.010301692420897846	-0.0007102272727274039	-0.0355882352941177	0.03149606299212593	0.019548872180451093	-0.024010382868267288	-0.02789400278940024	0.013725490196078383	-0.002525252525252486
2017-05-08	0.04335664335664324	0.038601602330662566	-0.021321961620469065	-0.01646843549862753	0.05343511450381677	0.10914454277286145	0.056515957446808596	0.03443328550932545	-0.10212765957446812	0.022784810126582178
2017-05-15	0.029490616621983934	0.03716690042075754	-0.023965141612200314	-0.02635658914728678	-0.01449275362318836	-0.013297872340425565	0.0320956576463185	0.03675450762829402	0.044592847910383426	0.01980198019801982
2017-05-22	0.0	-0.0027045300878972833	-0.0014880952380953438	0.03662420382165599	0.0	0.027628032345013542	0.029878048780487942	-0.0073578595317725926	-0.01917921220870278	-0.014563106796116498
2017-05-29	-0.02473958333333326	-0.011525423728813489	0.026825633383010583	0.007680491551459223	0.0051470588235293935	-0.04852459016393451	0.011249259917110788	-0.02964959568733161	0.006307821698906535	-0.0049261083743842304
2017-06-12	-0.006008010680907949	-0.006172839506172867	-0.0007256894049348928	-0.01585365853658538	0.003657644476956934	0.028256374913852467	-0.011709601873536313	-0.05624999999999991	-0.03175929795236099	0.004950495049504955
2017-06-19	-0.026192075218267385	0.0006901311249136732	0.002904865649963728	-0.017657992565055736	0.028425655976676456	-0.0194369973190347	0.014810426540284416	-0.0625459896983076	-0.026758739749676352	0.024630541871921263
2017-06-26	-0.03724137931034488	-0.051724137931034475	0.007965242577842035	-0.049511195206559555	-0.00425230333097093	-0.0034176349965823194	-0.008756567425569184	-0.04395604395604402	-0.008869179600886845	-0.004807692307692291
2017-07-03	-0.0007163323782234388	0.05018181818181833	0.0	0.06834771068347711	0.022775800711743788	-0.03703703703703709	-0.00765606595995294	0.05500821018062396	0.07807606263982092	0.004830917874396157
2017-07-10	-0.014336917562724039	-0.01939058171745156	-0.005747126436781436	-0.0357142857142857	0.00695894224077942	0.005698005698005604	0.017804154302670572	-0.01789883268482484	0.026146503423946976	0.019230769230769162
2017-07-17	0.018909090909090764	0.0649717514124295	0.11560693641618491	0.06280193236714982	-0.05459571527297846	0.01770538243626052	-0.019241982507288702	0.1038034865293187	0.06066734074823055	-0.004716981132075526
2017-07-24	-0.0007137758743753775	0.01657824933687002	0.005181347150258864	-0.054848484848484924	-0.002192982456140413	0.009742519137091232	-0.03923900118906065	0.014357501794687755	0.0038131553860818457	-0.018957345971563955
2017-07-31	0.052857142857142936	0.008480104370515162	0.01353092783505172	0.004488618146841983	-0.002197802197802301	0.009648518263266848	0.0024752475247524774	0.050247699929228506	-0.036087369420702675	0.08212560386473422
2017-08-07	0.02103120759837185	-0.007115135834411368	0.017800381436744894	0.021066070858601904	0.013215859030837107	0.02662116040955631	0.024074074074074137	-0.004716981132075637	0.002955665024630516	0.008928571428571397
2017-08-14	-0.027906976744185963	-0.00846905537459286	-0.00936914428482194	0.011878712097530553	-0.019565217391304235	0.00997340425531923	-0.009644364074743783	-0.023019634394041866	-0.0019646365422396617	-0.004424778761061954
2017-08-21	-0.012303485987696594	-0.03285151116951379	-0.017654476670870056	-0.04263206672845232	-0.007390983000739149	0.03818301514154032	-0.01704199634814374	-0.04019404019404027	0.007874015748031704	0.008888888888888946
2017-08-28	0.007612456747404739	0.014266304347826164	0.0012836970474967568	0.01645692158760892	-0.007446016381235987	-0.040583386176283986	-0.015479876160990669	0.014440433212996373	0.0537109375	0.004405286343612369
2017-09-04	0.017857142857142794	0.008707300736771506	0.01602564102564097	0.04222222222222216	0.012003000750187454	0.013218770654329193	0.007547169811320753	0.04128113879003559	0.05560704355885071	0.03508771929824572
2017-09-11	0.0013495276653172628	-0.0026560424966799445	0.006309148264984188	0.06640268047517517	0.014084507042253502	-0.00195694716242667	-0.011235955056179692	-0.002734107997265922	0.01843722563652328	-0.021186440677966156
2017-09-18	0.028975741239892105	0.013315579227696439	0.028213166144200663	0.036846615252784876	-0.002192982456140413	0.002614379084967311	0.00694444444444442	0.013022618231665506	-0.002586206896551646	0.0043290043290042934
2017-09-25	0.04191224623444656	0.05650459921156381	-0.0006097560975609762	0.003581267217630968	0.0073260073260073	0.02346805736636237	0.0	0.039918809201623606	-0.009507346585998389	0.02586206896551735
2017-10-02	0.0056568196103079504	0.006840796019900397	0.014643075045759568	-0.011803458687894675	0.05018181818181833	-0.003821656050955413	0.03134796238244508	0.005204944697462688	0.016579406631762605	0.025210084033613356
2017-10-09	-0.0068749999999999645	-0.016676961087090936	-0.006013229104028905	-0.007222222222222241	-0.0013850415512466352	0.007033248081841359	0.010334346504559111	-0.00711974110032354	0.036909871244635184	-0.008196721311475419
2017-10-16	0.02013845185651353	-0.02763819095477371	-0.004234724742891771	0.03693340794627886	-0.006934812760055475	0.03809523809523818	0.019855595667870096	0.02151238591916549	0.0314569536423841	-0.008264462809917328
2017-10-23	0.008019740900678585	0.02454780361757103	0.010935601458080368	-0.004047490555855404	0.016759776536312998	0.009785932721712465	-0.002949852507374673	-0.012125079770261449	-0.029695024077046495	-0.050000000000000044
2017-10-30	0.027539779681762466	-0.0006305170239596647	0.040264423076922906	0.05283121105391486	0.05425824175824179	-0.03331314354936399	-0.05088757396449706	0.18863049095607232	0.05293631100082696	-0.004385964912280715
2017-11-06	-0.003573555687909402	0.0006309148264984632	0.001155401502022091	0.008749356664951025	-0.024755700325732932	-0.0300751879699247	-0.0037406483790523026	0.07989130434782599	0.00785545954438338	0.048458149779735615
2017-11-13	0.012552301255229992	-0.010718789407313967	0.0017311021350259193	-0.04540816326530617	-0.004008016032064132	0.004521963824289266	0.006257822277847325	0.020130850528434774	-0.055339049103663385	-0.012605042016806678
2017-11-20	-0.030696576151121757	-0.0248565965583174	0.03686635944700467	0.010422234099412231	0.010731052984574108	-0.027652733118971096	0.023009950248756184	0.007400098667982302	-0.025577557755775637	0.05957446808510647
2017-11-27	0.0024360535931791105	-0.01699346405228752	0.01777777777777767	-0.025919069029357367	-0.006635700066357053	-0.037698412698412676	-0.0018237082066869803	-0.05044074436826629	0.020321761219305623	0.024096385542168752
2017-12-04	0.03280680437424066	0.008643617021276473	0.019650655021834273	0.004344284550638067	0.012692050768203123	0.006185567010309256	0.01705237515225333	-0.006704486848891245	-0.06390041493775933	-0.03137254901960784
2017-12-11	-0.007647058823529451	0.016479894528675043	-0.043361884368308456	0.0	-0.02110817941952503	-0.058743169398907114	0.014371257485029876	0.010903426791277315	-0.020390070921985748	-0.012145748987854255
2017-12-18	0.008298755186721962	-0.0012970168612190802	-0.010072747621712286	0.023249526899161932	0.03301886792452824	0.006531204644411925	0.02007083825265643	-0.009244992295839638	0.03619909502262453	0.008196721311475308
2018-01-08	0.07524985302763088	0.020129870129869998	0.030525720746184426	0.03989431968295909	0.02935420743639927	-0.004325883201153569	-0.003472222222222321	0.0948678071539657	0.059563318777292595	0.08617886178861789
2018-01-15	0.016675779114269984	0.005092297899427223	0.025233132199670827	-0.008892276422764245	0.02154626108998725	-0.01774076755973919	-0.05389082462253192	0.04640151515151514	0.027035938015166572	-0.013473053892215425
2018-01-22	-0.010486689970422125	0.03103229892336934	0.005885500267522659	-0.013329915406306236	0.006203473945409321	-0.004791743457427278	0.004910385465259015	0.04253393665158378	-0.023434991974317754	0.009104704097116834
2018-01-29	-0.0027173913043477826	-0.03531941031941033	-0.035372340425531945	-0.02494154325798903	-0.1029593094944512	-0.01666666666666672	-0.022721720009772794	0.005208333333333259	-0.050295857988165715	-0.022556390977443663
2018-02-05	-0.03160762942779294	-0.004457179242279619	-0.023986765922249798	-0.026378896882494063	-0.010309278350515427	0.02900188323917141	-0.009000000000000008	-0.07081174438687399	-0.014191761855313234	-0.02923076923076917
2018-02-12	-0.01997749015194139	-0.0028781579788934586	-0.015536723163841804	-0.060207991242474	-0.013194444444444509	0.06808199121522707	0.07618567103935403	-0.05669144981412633	-0.022471910112359605	0.030110935023771823
2018-02-19	0.008900373241458315	0.008980115458627314	0.012338593974175138	0.011939429237041388	0.0049261083743843415	0.03358464701850594	-0.009845288326300827	0.00886699507389177	0.005747126436781658	0.029230769230769393
2018-02-26	0.03614114968696658	-0.013032422123331333	0.015873015873015817	0.029640287769784113	0.016106442577030755	0.026856763925729332	0.014678030303030276	-0.02783203125000011	0.0007142857142856673	0.049327354260089606
2018-03-05	-0.028014281790716966	-0.01352657004830915	-0.006975446428571397	-0.06819452207937404	-0.021364576154376258	-0.01969648046496597	-0.006766215585627622	-0.019085886489201287	-0.07637401855817272	-0.05128205128205143
2018-03-12	0.004238485447866536	0.018282729350310056	0.004214667041303688	0.02519496100779861	0.028169014084507005	0.054018445322792985	0.007282123561193288	0.056835637480798784	-0.010046367851622828	0.03603603603603611
2018-03-19	-0.010410804727068013	0.004488618146841983	-0.0179071068830442	-0.04622586307782328	-0.015753424657534376	-0.05500000000000005	-0.012126865671641895	-0.03488372093023262	-0.07513661202185795	0.04057971014492745
2018-03-26	0.037247654250782025	-0.038621129907437046	-0.007407407407407418	-0.008895705521472341	-0.01391788448155884	0.036375661375661394	-0.013928234183191557	0.05823293172690769	-0.02532179784764721	0.03621169916434552
2018-04-09	0.05043859649122795	0.0006640106241699861	0.037600459242250306	-0.0009285051067781103	-0.05504587155963292	0.05392469687300583	-0.0035910940866652474	0.05313092979127121	0.05260878978133787	0.05241935483870952
2018-04-16	0.036273486430062674	-0.023888520238885214	-0.03734439834024894	0.0074349442379182396	0.0037341299477222645	0.049651831668180435	-0.025949062950504476	0.07747747747747735	0.07445495680789804	0.0012771392081738497
2018-04-23	0.009821203727020889	0.023113528212100665	0.027011494252873414	-0.0036900369003689537	0.01636904761904745	-0.004326507066628182	0.0019733596447952806	0.056020066889632236	-0.029096477794793296	-0.01913265306122447
2018-04-30	0.02493765586034913	0.00033222591362136455	-0.005036373810856087	0.04629629629629628	-0.06881405563689602	0.011877172653534274	-0.08493353028064987	0.04592240696753769	-0.013012618296529888	-0.031209362808842678
2018-05-07	0.018491484184914864	0.010627698439056754	-0.012935883014623228	0.010029498525073732	0.0	0.019753793300887335	0.0013451708366962745	0.09008327024981089	0.0	0.04966442953020134
2018-05-14	0.03583373148590541	0.015445284258954972	-0.02678062678062676	-0.013434579439252192	-0.00786163522012584	-0.04576080853453124	-0.005104782375067063	0.015972222222222276	-0.04574510587295244	-0.01406649616368294
2018-05-28	-0.0530442804428044	-0.010032362459546973	-0.031615925058548044	0.022794552989934935	-0.002377179080824021	-0.02147690497205046	0.023494463948150024	0.004101161995898828	0.04919405484613759	0.16731517509727634
2018-06-04	0.047247929858743154	-0.02321019941157232	0.02599758162031418	-0.0023154848046309517	0.03335980937251781	-0.022850270595309752	-0.014248021108179354	0.02246426140231428	0.0375099760574622	0.023333333333333206
2018-06-11	0.015813953488372112	0.05053547523427038	0.021803182086034267	0.04757760371337394	-0.016910069177555664	0.03784615384615386	-0.006691648822269802	0.0066577896138482195	0.04384615384615387	0.03365906623235615
2018-06-18	-0.015109890109890167	0.008920038228735327	-0.021626297577854725	-0.048739961229576356	0.0070367474589523304	-0.006818855618144104	0.0	-0.013227513227513255	-0.021002210759027307	-0.054621848739495826
2018-06-25	-0.027429102742910327	-0.01294600568361215	-0.011494252873563315	-0.033478893740902516	0.005434782608695565	-0.020895522388059695	-0.0269469145782808	0.00536193029490617	-0.05871283402333449	-0.05222222222222228
2018-07-02	0.02151051625239009	0.011516314779270509	-0.008348240906380311	0.007831325301204783	0.03243243243243232	0.0018292682926830395	-0.01273885350318471	0.0006666666666665932	-0.037984806077569044	-0.03282532239155922
2018-07-09	0.029948525970987294	0.015812776723592714	0.047504509921827864	-0.033173939031679645	0.02842183994016456	0.013390139987827121	0.010939691444600275	0.030646235842771485	-0.004156275976724744	0.041212121212121255
2018-07-16	-0.026805997273966375	-0.03144458281444573	-0.06199770378874847	-0.015146831530139071	-0.1032727272727273	-0.0018018018018018944	-0.08462819089900109	-0.0665804783451841	-0.023163606010016657	-0.005820721769499437
2018-07-23	-0.00466853408029877	0.028929604628736838	-0.023255813953488413	0.07689893283113625	0.037307380373073906	0.03339350180505418	0.03394968172173374	-0.020775623268698085	-0.023071993163854	-0.007025761124121899
2018-07-30	-0.0028142589118198558	0.02499218994064356	-0.003446115288220475	0.06703584960652864	0.023455824863174435	0.01077147016011648	0.014072119613016909	0.009193776520509012	0.018806035425322776	0.014150943396226356
2018-08-06	0.015522107243649996	-0.005181347150259197	0.0	-0.02212510243102983	-0.006875477463712754	0.025921658986175045	-0.005492917028042887	-0.011913104414856268	-0.013092938398798215	0.008139534883720989
2018-08-13	0.003242241778601107	0.019607843137255054	0.004401131719584894	0.01927374301675977	0.01538461538461533	-0.003930376193149843	0.01744186046511631	0.004255319148936065	0.01957372770769905	-0.009227220299884653
2018-08-20	-0.0027700831024930483	0.0021033653846154188	0.027543035993740306	0.02302000548095373	0.05833333333333335	0.04002254791431792	0.014571428571428457	-0.031073446327683607	-0.023037542662116106	0.038416763678696064
2018-08-27	0.008796296296296413	0.03568215892053961	-0.010356381358513689	0.031342084114653	0.0042949176807445255	-0.04254742547425472	-0.005913827090960333	0.06268221574344035	0.029694323144104695	0.022421524663677195
2018-09-03	-0.011932078935291357	-0.011580775911986141	-0.014465989535241586	0.004935064935064792	0.006414825374198019	0.020662326634588224	-0.020679886685552318	0.02400548696844984	-0.024173027989821794	0.010964912280701844
2018-09-10	-0.02415234556432888	0.0005858230814295151	0.02123672704559665	-0.02403721891961741	-0.02195467422096309	0.002773155851358844	-0.010702921608330862	-0.030810448760884235	0.02890047805302043	-0.009761388286334105
2018-09-17	0.03284150404569264	0.0038056206088992184	0.003058103975535076	-0.0005296610169492899	0.006517016654598251	0.02378318584070782	0.0035087719298245723	0.05805114029025571	-0.043928194297782386	0.03614457831325302
2018-09-24	0.03778801843317958	0.004374453193350725	-0.0033536585365854243	0.02649708532061479	-0.004316546762589857	0.014586709886547977	0.013986013986013957	0.047681254082299285	0.07355864811133195	0.015856236786469413
2018-10-01	0.023534635879218557	-0.013937282229965042	-0.030590394616090588	0.04078471863706756	-0.011560693641618491	0.02715654952076685	-0.013218390804597524	0.07605985037406482	-0.00020576131687233268	0.06399583766909478
2018-10-08	-0.02082429501084604	-0.024146054181390042	-0.018302303565793432	-0.024801587301587324	-0.02412280701754399	0.0005184033177811909	-0.007280139778683803	-0.05446118192352267	-0.06277011730808812	0.019559902200489088
2018-10-15	-0.01905183872396976	-0.02806276403138186	-0.026036644165863154	-0.015259409969481164	-0.027715355805243314	-0.0015544041450777923	-0.018773833968905862	-0.06372549019607832	-0.06258234519104089	-0.07434052757793763
2018-10-22	-0.02213188798554655	-0.0018627755355480335	0.005280528052805433	-0.048811983471074294	-0.036209553158705776	0.04514789828749355	-0.005082212257100149	-0.05235602094240832	-0.009604122745373589	0.0
2018-10-29	-0.006004618937644368	-0.04603421461897361	0.014445173998686833	-0.04371436329079559	-0.0007993605115906854	-0.0009930486593844323	0.06580528846153832	-0.06975138121546975	-0.009933774834437137	0.051813471502590636
2018-11-05	0.00046468401487009814	0.015324421258558818	0.011650485436893288	0.0502555366269164	0.04479999999999995	0.0248508946322068	0.0028192839018890137	-0.021529324424647167	0.07787864309603432	0.039408866995073843
2018-11-12	-0.013005109150023286	-0.0012845215157353262	0.013435700575815668	0.03190051365233848	0.05283307810107196	-0.014548981571290032	0.01293224627495082	-0.028831562974203417	-0.054299645390070816	0.0
2018-11-19	-0.033882352941176364	-0.03536977491961413	0.0359848484848484	-0.1013885250196489	-0.02109090909090916	-0.02682086614173218	-0.006938662225922876	-0.05234375000000002	-0.016404968361846795	0.08056872037914697
2018-11-26	-0.029712615684364452	-0.01633333333333331	0.01614868982327855	0.02478134110787167	0.0022288261515601704	-0.0010113780025283736	-0.00866405813303528	-0.04369332234130252	-0.0042887776983560055	-0.052631578947368474
2018-12-03	0.03865461847389562	0.026092849881396152	-0.013493253373313308	0.007112375533428139	-0.003706449221645647	0.026575550493545874	0.003101212292077715	0.12672413793103443	-0.0004785833931562067	0.05555555555555558
2018-12-10	-0.049782503624939634	-0.037318361955085866	-0.006990881458966647	-0.062146892655367214	-0.03645833333333337	-0.07741617357001984	-0.0474985947161326	-0.07804131599081854	-0.06583672492219295	-0.11184210526315785
2018-12-17	-0.03179043743641907	-0.015094339622641395	0.0431588613406797	0.016265060240963747	0.027027027027026973	0.0013361838588989983	0.039539687223369535	-0.05145228215767639	0.020246027678113787	0.009876543209876631
2019-01-07	0.005253480430785329	0.022640195053988066	0.012323943661971759	0.06520450503852993	0.010526315789473717	-0.044568988524152586	-0.02611410729491892	0.07174103237095375	0.00025119316754573795	-0.004889975550122272
2019-01-14	-0.01228116017768488	0.020095367847411394	-0.038550724637681166	0.0025041736227044975	-0.0029761904761904656	0.05251396648044704	0.005537744097930508	0.04816326530612258	-0.0005022601707684871	0.019656019656019597
2019-01-21	0.021164021164021163	0.0320534223706177	0.011456135061802764	-0.005273383291701461	0.03432835820895508	0.023885350318471277	0.021449275362318998	0.10514018691588789	0.009547738693467478	0.004819277108433662
2019-01-28	-0.034196891191709766	-0.02944031057910068	-0.019970193740685538	-0.02539062499999989	0.032467532467532534	-0.032918610679108284	-0.02525539160045409	-0.05990133897110639	-0.055749128919860724	0.01678657074340517
2019-02-04	0.04479613733905574	0.006000000000000005	-0.046532846715328535	-0.010878900658459756	0.04472396925227118	-0.008308764406325442	0.005822416302765587	0.05847076461769096	0.02583025830258312	0.07547169811320753
2019-02-11	-0.00462130937098848	0.03114645460569898	0.020733652312599604	-0.03849493487698985	-0.0020066889632107676	0.031351351351351475	-0.03473227206946439	-0.04603399433427757	-0.11998972250770812	-0.00877192982456143
2019-02-18	0.03017797265927258	0.041773778920308535	0.020937500000000053	0.034015653220951236	0.018766756032171594	0.04454926624737943	0.004797601199400203	0.08982925018559773	0.009927007299270096	0.022123893805309658
2019-02-25	-0.0242864296444667	0.0009253547193091016	0.02632384450566283	0.055312954876273634	0.012499999999999956	0.011540391369794234	0.03342285884810514	0.004768392370572139	0.04134142815842723	-0.023809523809523836
2019-03-04	-0.005132152938157608	-0.026194144838212585	-0.0002982403817477497	-0.00937931034482753	0.006497725795971521	0.016369047619047672	-0.01357204735778239	0.019661016949152677	-0.031926707384786424	0.019955654101995624
2019-03-11	-0.02656693319576997	0.004746835443038	0.02595465393794738	-0.05318852687273745	-0.0006455777921239303	0.01512933138116157	-0.01112412177985933	-0.0166223404255319	-0.04043590478921699	0.05434782608695654
2019-03-18	0.03232644409115015	0.04377952755905512	0.0468159348647863	0.07647058823529407	0.03746770025839785	-0.03798076923076921	-0.0082889283599763	0.010141987829614507	0.07083084279736984	-0.008247422680412342
2019-03-25	-0.01617043121149897	-0.022329511164755567	-0.036388888888888915	-0.03442622950819674	-0.006849315068493067	-0.006496751624187835	-0.007462686567164201	-0.0033467202141901353	-0.036282444878593334	-0.02079002079002079
2019-04-01	-0.001826245760500833	-0.0018518518518518823	-0.006630152781781362	0.009337860780984863	-0.0658307210031348	-0.019114688128772706	-0.004812030075187823	0.04902619207521819	0.04286128004633638	0.0980891719745225
2019-04-08	0.03136434918975439	0.02164502164502169	0.0031921067904816525	0.03139893467900201	0.04865771812080544	-0.018461538461538418	0.012088244182532515	0.014084507042253724	0.04332129963898934	0.02552204176334083
2019-04-15	-0.003041054232133966	0.004842615012106588	0.0023141452126120843	-0.013318836640391352	0.016000000000000014	0.0	-0.005374738727978445	-0.03314393939393945	0.02714932126696845	0.0007541478129713397
2019-04-29	-0.02618200305033036	0.01807228915662651	-0.011832611832611861	0.061707988980716166	0.04692913385826758	-0.01541274817136895	0.0168117682377662	-0.07117205354227885	-0.012697590049235652	-0.022607385079125852
2019-05-06	-0.024536674497520283	-0.0650887573964497	0.04001168224299079	-0.015308770108977576	0.0015042117930204046	-0.0031838684001060935	0.015352819604369738	-0.06748681898066777	-0.07427821522309708	-0.016962220508866532
2019-05-13	-0.020337168852020193	-0.03639240506329111	-0.048020219039595635	-0.0608695652173914	0.015319915890657843	0.05190311418685112	0.08519918580982844	-0.014700339238597926	-0.09214629997164725	-0.015686274509803977
2019-05-20	0.004370390603660068	0.012151067323481035	0.06725663716814156	0.0331088664421999	0.026035502958579926	0.04757085020242924	0.011521972132904512	0.03404743687834744	0.044034978138663305	0.05816733067729096
2019-05-27	-0.07533315202610824	0.0006489292667097857	0.001934770591486945	0.04671374253123295	-0.0046136101499424376	0.03188405797101446	-0.001059602649006619	-0.08028116907140226	-0.03440023930601255	0.0075301204819278045
2019-06-03	0.002941176470588225	-0.028858625162127005	-0.003862068965517218	0.004151530877011034	-0.01013904982618774	-0.014044943820224698	0.010872447626624204	-0.050281576830249364	-0.03190830235439901	-0.009715994020926821
2019-06-17	-0.014662756598240456	0.005342237061769728	0.03406258654112415	0.04909560723514206	0.028094820017559252	-0.031339031339031265	-0.009968520461699826	-0.042354934349851714	-0.02400000000000002	0.049056603773584895
2019-06-24	0.018452380952380887	0.045167718365991316	0.0069630423138726805	0.009852216748768461	-0.008824366638201075	0.004901960784313708	0.017223105458399557	0.0822644847412648	-0.0075409836065574165	0.044604316546762446
2019-07-01	0.012273524254821755	0.036224976167778866	-0.028989361702127625	-0.019512195121951237	-0.01005169442848941	-0.02146341463414636	-0.004428236519927076	0.05843890478136493	0.04063429137760166	-0.028925619834710647
2019-07-08	-0.0028868360277136684	0.009506286415210008	-0.0032867707477404196	-0.0009950248756218638	0.003771395416304113	0.06879361914257243	0.03453689167974883	0.009652509652509744	-0.0034920634920634352	-0.02624113475177292
2019-07-15	-0.008975101331789137	-0.017922235722964697	0.0010992030777687845	-0.02639442231075706	0.03352601156069368	0.013059701492537323	-0.03515427415275674	0.013766730401529648	-0.022937241159604937	-0.002184996358339464
2019-07-22	-0.046742623429740005	-0.026600680482524064	-0.04199835300576449	0.06112531969309454	-0.008109619686801017	0.008747697974217372	0.005242463958060384	-0.03470388532629198	-0.0003260515161396249	-0.04963503649635048
2019-07-29	-0.031566043518234776	0.017794725135049427	0.02664756446991401	0.0002410219329960217	-0.01888920214265577	-0.024189867640346807	-0.003650586701434144	-0.014458772958186872	0.034898891063274595	0.02073732718894017
2019-08-05	-0.035759493670886155	-0.0512019981267563	0.01646664806028464	-0.04626506024096377	-0.0367816091954023	0.0	-0.012300444909709496	-0.09199048374306107	-0.12007563819728961	-0.028592927012791702
2019-08-12	-0.019363308171972404	-0.011187890753537322	0.0043931905546403804	-0.0366346639717029	0.013424821002386622	0.04911131898971011	0.030206677265500748	0.0008733624454146938	-0.01002865329512903	0.04260263361735084
2019-08-19	-0.0046854082998663005	-0.010648918469217894	0.010388190267905939	-0.019145030159979037	0.0002943773918164805	0.011591618368256729	0.01568930041152261	0.029232111692844676	-0.02785817655571632	-0.011144130757800852
2019-08-26	0.00806993947545398	-0.04439959636730573	-0.00703463203463206	-0.013368983957219305	0.015303119482048322	-0.019832525341560103	0.04026335781210433	-0.04111911827045367	0.005954596203944895	-0.03831705484598047
2019-09-02	0.03969312875250153	0.020767335445265767	0.027792915531335227	0.06368563685636852	0.017681159420289916	-0.01978417266187049	0.015579357351509282	0.06277630415561464	0.08805031446540879	-0.009375000000000022
2019-09-09	0.0609560474815527	0.05620689655172417	-0.06548250265111344	0.02216560509554144	0.014810595272002347	-0.0431192660550459	-0.033796740172579054	0.04242928452579031	0.08364501870112218	-0.04495268138801267
2019-09-16	0.10009071666162694	0.04831864185439105	0.03347517730496463	-0.015453639082751769	0.010665169800729846	-0.012464046021092967	-0.027536591416521983	0.09537110933758974	0.06275494195167863	0.02725020644095788
2019-09-23	-0.015118196811434892	0.0146371846776705	0.003842986549547067	-0.03518987341772151	0.02166064981949445	0.03883495145631066	0.04107142857142865	-0.05500910746812393	-0.01121936817242386	-0.042604501607717116
2019-09-30	-0.03404967903991063	-0.01626764886433396	-0.001640689089417502	0.028076620309630096	-0.019570535471595485	-0.019158878504672905	0.013967164910561047	-0.061680801850423905	-0.044490892803822124	0.02015113350125941
2019-10-07	-0.02542617740537423	-0.03182527301092042	0.0076691317447272755	-0.009443593670239836	0.01607984474632662	0.016674606955693116	0.048574190430159536	0.009860312243221037	-0.02562500000000001	-0.05596707818930036
2019-10-14	-0.00978357545211983	0.014179825974862892	-0.019570535471595485	-0.011594949755217687	-0.008731241473396989	-0.02764761012183692	-0.032956902512099595	-0.009764035801464677	0.0022450288646569394	-0.10026155187445507
2019-10-21	0.00029940119760496486	0.032729583730537026	0.007485444968117427	-0.05865484880083416	-0.004404073768235706	0.1344578313253013	0.018112488083889433	0.0160230073952341	0.07264000000000004	0.13468992248062017
2019-10-28	0.046093983837174335	0.058153846153846	-0.05090809025866816	-0.001384657989476623	-0.04064141553773848	-0.011894647408666192	0.0072565543071161365	0.05822887181560854	-0.005369928400954627	0.05038428693424435
2019-11-04	0.007153075822603716	-0.014829892410584411	-0.02899391127863149	0.008596783139212416	-0.012968299711815567	-0.04944110060189166	0.026260748315128923	0.011463507833397113	0.051289742051589426	0.018699186991869787
2019-11-11	0.012499999999999956	0.0047225501770955525	-0.01911018214392346	0.006598845202089754	-0.014890510948905145	0.03165988240615114	-0.010869565217391242	0.019644880997355507	-0.0014265335235377208	-0.003990422984836428
2019-11-18	-0.02188552188552173	-0.04524089306697998	0.025266362252663654	-0.06282436492761545	-0.00652045050385297	-0.014028934677772886	-0.007097069597069683	-0.009262689885142672	-0.050857142857142934	0.008814102564102644
2019-11-25	0.008605851979345935	0.04123076923076918	-0.01247030878859856	0.024482658117166878	0.020584725536992865	0.0004446420631392112	0.016601337329951615	-0.004861630516080573	-0.006321493076460016	0.0627482128673551
2019-12-02	-0.03441410693970426	-0.09869976359338051	-0.033373421527360225	-0.015647226173541973	0.007307804735457557	-0.003555555555555645	0.005443411204354653	-0.04246523863209328	-0.042714328991214634	0.008968609865470656
2019-12-09	0.002945508100147265	0.017377049180328008	0.02457231726283049	-0.003757225433526079	0.04730121880441085	0.03256021409455845	0.030904579291676226	0.02276295133437989	0.012341772151898578	0.046666666666666856
2019-12-16	-0.004992657856093929	0.01836932001289071	-0.024286581663630846	0.05425007252683489	0.020227209753394426	-0.010799136069114423	-0.022319474835886255	0.05257099002302379	0.02969678024382616	0.013446567586694824
2019-12-23	0.043978748524202915	0.03544303797468351	-0.004667081518357152	0.015410016510732039	0.004073872895165698	0.01091703056768556	0.009847806624887934	0.049945315348158825	-0.006982392228293777	-0.004888268156424513
2019-12-30	-0.007633587786259555	0.0024449877750611915	-0.015629884338855926	-0.010298102981029844	-0.0032458750338111297	-0.014254859611231185	-0.014184397163120588	0.0	-0.0021400183430143604	-0.023157894736842155
2020-01-06	0.054131054131054235	0.005487804878048896	0.012384884090187454	-0.025191675794085433	-0.00922659430122108	0.004382120946538226	0.002023381294964155	0.02881944444444451	-0.01041666666666674	0.005747126436781658
2020-01-13	-0.022162162162162158	-0.005154639175257714	0.0009410288582183401	-0.01741573033707866	0.006847439057792393	-0.0008726003490401313	-0.013686336100516061	-0.011137360782990213	0.0037151702786379914	-0.062142857142857055
2020-01-20	0.006080707573244748	-0.0060957025297165846	0.04418677530554671	-0.018010291595197292	0.0486942328618063	-0.026200873362445365	-0.006369426751592355	0.010580204778157132	-0.004935225169648505	0.06626047220106623
2020-01-27	-0.03351648351648351	-0.030358785648574194	-0.008703481392556944	-0.03435225618631732	0.027237354085603016	0.004484304932735439	0.009157509157509125	-0.08510638297872353	-0.0818350898946062	-0.07499999999999996
2020-02-03	-0.05144968732234234	0.0335230866540166	-0.004541326067211582	0.0138679529695509	0.01969696969696977	-0.020982142857142838	0.012250453720508148	-0.03986710963455131	-0.024307900067522037	0.05791505791505802
2020-02-10	-0.07252022774947553	0.05966952264381886	-0.030109489051095006	0.14778471602735643	0.0034670629024269317	0.004559963520291754	-0.026669654863289982	-0.0034602076124569114	-0.05086505190311419	0.021897810218978186
2020-02-17	0.038449111470113095	0.01645971700837423	0.02414550015678918	-0.020725388601036232	0.011846001974333609	0.015433499773036763	0.006216900759843602	-0.01620370370370361	0.07582938388625604	0.024285714285714244
2020-02-24	-0.06533914125700058	-0.026988636363636354	-0.03306797305572573	-0.011904761904761862	-0.014634146341463428	-0.027268663388466674	-0.03135011441647606	-0.0913725490196079	-0.05015249068112504	0.10669456066945604
2020-03-02	-0.037616511318242174	-0.0744525547445255	-0.04401519949335031	-0.08273092369477908	-0.06163366336633658	-0.10546875	-0.05031892274982275	-0.031074665515753108	-0.05351409204423829	-0.052299936988027595
2020-03-09	-0.21757177447250098	-0.2280757097791798	0.00033123550844660343	-0.012259194395796924	-0.03270904774465844	-0.029026457744669942	-0.004228855721393088	-0.3443207126948775	-0.12137203166226918	-0.025265957446808596
2020-03-16	-0.09681697612732088	-0.1471189211279117	-0.12119205298013258	-0.13888888888888895	-0.16798472866103076	-0.08544973544973544	0.01723707219585302	-0.3349184782608695	-0.06177606177606165	-0.11869031377899053
2020-03-23	0.0205580029368575	-0.027311931001437362	0.09645817633760378	0.05730954015099532	0.059652572926909064	0.013017066820943057	0.005157170923379306	0.03728294177732372	-0.019661636945587535	-0.049535603715170184
2020-03-30	0.1534772182254196	0.11182266009852215	0.04570446735395195	0.05290490100616663	0.07361583668419436	-0.11050828098229581	0.12484730026875157	0.17676021664204833	0.03638059701492535	0.199511400651466
2020-04-06	0.13264033264033248	0.01993797075764281	-0.0029576076240552807	0.09833538840937117	0.025064822817631782	0.05971107544141252	0.008905299739357053	0.3066945606694562	-0.03915391539153901	-0.003054989816700715
2020-04-20	-0.041483113069015976	-0.038227628149435255	0.05339485827290713	-0.006455234353073269	0.014614952220348476	0.045137837019085136	0.02088266953713669	-0.06980467499199494	0.03747072599531598	0.1460674157303372
2020-04-27	0.02642665645346609	0.02619692863595291	-0.05225281602002518	-0.035875706214689274	0.0005540166204984764	-0.0028985507246376274	-0.008435259384226068	0.03958691910499135	0.02934537246049662	0.0528817587641115
2020-05-04	-0.00223880597014936	0.04357394366197176	0.002641135688346008	-0.01259888661002051	-0.0005537098560354226	0.01569767441860459	-0.014461931093151859	0.0923841059602648	0.07631578947368411	-0.06376975169300214
2020-05-11	0.05646970830216902	-0.016870518768452136	-0.005597629239380897	-0.01750741839762604	-0.021052631578947434	0.03176874642243854	-0.09063444108761332	0.042133979993937754	-0.04808475957620206	0.038577456298975354
2020-05-18	0.024070796460176958	0.03560703560703571	-0.027483443708609334	-0.01842343702808824	0.0016977928692700761	0.008599167822468834	0.013526340768865719	-0.02210587550901688	0.011558219178082085	0.017121300058038136
2020-05-25	0.03560318008987218	0.012013256006627948	-0.021109976166155953	0.019692307692307676	0.005649717514124353	0.026952695269526927	0.0007024116132052782	-0.0005948839976204212	0.0021159542953872457	0.05763195435092716
2020-06-08	0.04339118825100141	0.20957838722881705	0.058782608695651994	0.06729028364514189	0.012359550561797716	0.046063202999464536	-0.003509592887225077	0.13928571428571423	0.18369932432432434	-0.10089020771513346
2020-06-15	-0.0937300063979527	-0.12013536379018608	-0.03449408672798948	-0.026293469041560713	-0.017758046614872347	-0.09549411162314392	-0.00774829772247021	-0.09952978056426343	-0.07777381377095971	0.008100810081008047
2020-06-22	-0.005294740557712618	-0.003461538461538405	-0.003062266076896858	0.03571428571428581	-0.0028248587570621764	0.0016982734220207796	0.0011831519167062599	0.07049608355091386	0.044487427466150864	0.022023809523809446
2020-06-29	-0.006742370475514625	0.0011578541103818285	-0.03208191126279858	-0.05971404541631631	-0.013031161473087916	0.02684374116982191	-0.005436067123611554	-0.022222222222222143	-0.014074074074074017	0.023296447291788036
2020-07-06	-0.006430868167202397	0.03161141094834252	-0.021156558533145242	0.015802027429934418	0.05683122847301947	-0.01706108970831033	-0.000950570342205248	0.01856984478935697	0.01277235161532686	-0.0207740466704609
2020-07-13	-0.0014383315354190573	0.06464872944693556	0.029899135446685765	0.009685940710302265	0.040738728951656755	-0.053751399776035824	0.007849666983824832	0.015510204081632617	0.059347181008901906	0.032839290903806884
2020-07-20	0.00792221822110184	0.028080028080028185	0.08534452605806231	0.1212209302325582	0.028183716075156573	0.031360946745562224	0.028793957989143415	-0.010450160771704131	-0.008053221288515378	0.04558244231851449
2020-07-27	0.007502679528403	-0.029020143393649667	-0.04737350950692876	-0.010111485610578064	-0.03147208121827405	-0.045324153757888674	0.008717595778848342	-0.023287300297860858	-0.0698905753618072	-0.005382131324004336
2020-08-03	-0.03687943262411342	-0.0007032348804499877	-0.030108254397835044	0.008905185961236128	-0.008385744234800985	0.0234375	0.02751876279281329	-0.038536179650679125	-0.018595825426945045	0.03706709956709964
2020-08-10	0.07069219440353458	-0.0007037297677691123	0.013603069410533797	0.019730010384215957	-0.021670190274841405	0.01086318261890784	-0.01726427622841964	0.0455594002306805	0.06651198762567678	0.030263501174015106
2020-08-17	0.0	0.01619718309859164	0.014108740536820319	-0.01807535641547864	0.023230686115613297	0.07290153935521348	0.011486486486486536	0.0005515719801434393	0.014140681653372011	0.00607748797163854
2020-08-24	0.017537826685006808	-0.0020790020790021346	0.008483203257550143	-0.023334197562872694	0.008975712777191003	-0.007579859231185537	0.007793364506791356	-0.025633958103638443	-0.003575259206292425	0.02944877926000511
2020-08-31	-0.04291990537343693	-0.026388888888889017	-0.043741588156123834	-0.028404565967613427	-0.02616431187859758	-0.06792144026186586	-0.017675651789659685	-0.016690240452616578	0.0007176175098673188	0.03545232273838628
